MCode,Cohort,AcademicYearStart,Women3,Men3,Cap,institution,Students3,icy,cohort_id,icym,module_id
Inf-CombWords,3,2022,9,24,,CAU_Germany,33,CAU_Germany32022,0,CAU_Germany32022Inf-CombWords,0
Inf-DigSig,3,2022,3,24,,CAU_Germany,27,CAU_Germany32022,0,CAU_Germany32022Inf-DigSig,1
Inf-GraphDraw,3,2022,0,15,,CAU_Germany,15,CAU_Germany32022,0,CAU_Germany32022Inf-GraphDraw,2
Inf-NNDL,3,2022,6,111,,CAU_Germany,117,CAU_Germany32022,0,CAU_Germany32022Inf-NNDL,3
Inf-NumProg,3,2022,0,6,,CAU_Germany,6,CAU_Germany32022,0,CAU_Germany32022Inf-NumProg,4
WInf-eBeM,3,2022,6,45,,CAU_Germany,51,CAU_Germany32022,0,CAU_Germany32022WInf-eBeM,5
inf-AuLearn,3,2022,6,24,,CAU_Germany,30,CAU_Germany32022,0,CAU_Germany32022inf-AuLearn,6
inf-CI,3,2022,9,33,,CAU_Germany,42,CAU_Germany32022,0,CAU_Germany32022inf-CI,7
inf-EAeS,3,2022,9,30,,CAU_Germany,39,CAU_Germany32022,0,CAU_Germany32022inf-EAeS,8
inf-EERP,3,2022,15,51,,CAU_Germany,66,CAU_Germany32022,0,CAU_Germany32022inf-EERP,9
inf-EnlOpt,3,2022,3,24,,CAU_Germany,27,CAU_Germany32022,0,CAU_Germany32022inf-EnlOpt,10
inf-IoT,3,2022,6,48,,CAU_Germany,54,CAU_Germany32022,0,CAU_Germany32022inf-IoT,11
inf-TM,3,2022,9,33,,CAU_Germany,42,CAU_Germany32022,0,CAU_Germany32022inf-TM,12
COMP3467,3,2020,12,78,,Durham_England,90,Durham_England32020,1,Durham_England32020COMP3467,13
COMP3477,3,2020,15,96,,Durham_England,111,Durham_England32020,1,Durham_England32020COMP3477,14
COMP3487,3,2020,15,69,,Durham_England,84,Durham_England32020,1,Durham_England32020COMP3487,15
COMP3491,3,2020,18,105,,Durham_England,123,Durham_England32020,1,Durham_England32020COMP3491,16
COMP3507,3,2020,3,33,,Durham_England,36,Durham_England32020,1,Durham_England32020COMP3507,17
COMP3517,3,2020,21,66,,Durham_England,87,Durham_England32020,1,Durham_England32020COMP3517,18
COMP3527,3,2020,15,90,,Durham_England,105,Durham_England32020,1,Durham_England32020COMP3527,19
COMP3547,3,2020,24,123,,Durham_England,147,Durham_England32020,1,Durham_England32020COMP3547,20
COMP3557,3,2020,12,63,,Durham_England,75,Durham_England32020,1,Durham_England32020COMP3557,21
COMP3567,3,2020,12,84,,Durham_England,96,Durham_England32020,1,Durham_England32020COMP3567,22
COMP3577,3,2020,12,69,,Durham_England,81,Durham_England32020,1,Durham_England32020COMP3577,23
COMP3607,3,2020,18,105,,Durham_England,123,Durham_England32020,1,Durham_England32020COMP3607,24
COMP3617,3,2020,9,69,,Durham_England,78,Durham_England32020,1,Durham_England32020COMP3617,25
COMP3621,3,2020,3,6,10.0,Durham_England,9,Durham_England32020,1,Durham_England32020COMP3621,26
COMP3467,3,2021,6,30,,Durham_England,36,Durham_England32021,2,Durham_England32021COMP3467,27
COMP3477,3,2021,6,54,,Durham_England,60,Durham_England32021,2,Durham_England32021COMP3477,28
COMP3487,3,2021,9,39,,Durham_England,48,Durham_England32021,2,Durham_England32021COMP3487,29
COMP3491,3,2021,3,42,,Durham_England,45,Durham_England32021,2,Durham_England32021COMP3491,30
COMP3507,3,2021,0,15,,Durham_England,15,Durham_England32021,2,Durham_England32021COMP3507,31
COMP3517,3,2021,6,30,,Durham_England,36,Durham_England32021,2,Durham_England32021COMP3517,32
COMP3527,3,2021,3,33,,Durham_England,36,Durham_England32021,2,Durham_England32021COMP3527,33
COMP3547,3,2021,9,69,,Durham_England,78,Durham_England32021,2,Durham_England32021COMP3547,34
COMP3557,3,2021,3,30,,Durham_England,33,Durham_England32021,2,Durham_England32021COMP3557,35
COMP3567,3,2021,3,39,,Durham_England,42,Durham_England32021,2,Durham_England32021COMP3567,36
COMP3577,3,2021,3,36,,Durham_England,39,Durham_England32021,2,Durham_England32021COMP3577,37
COMP3587,3,2021,3,15,,Durham_England,18,Durham_England32021,2,Durham_England32021COMP3587,38
COMP3607,3,2021,9,45,,Durham_England,54,Durham_England32021,2,Durham_England32021COMP3607,39
COMP3617,3,2021,3,36,,Durham_England,39,Durham_England32021,2,Durham_England32021COMP3617,40
COMP3621,3,2021,3,3,10.0,Durham_England,6,Durham_England32021,2,Durham_England32021COMP3621,41
COMP3647,3,2021,6,30,,Durham_England,36,Durham_England32021,2,Durham_England32021COMP3647,42
COMP3657,3,2021,6,39,,Durham_England,45,Durham_England32021,2,Durham_England32021COMP3657,43
COMP3421,3,2022,6,0,10.0,Durham_England,6,Durham_England32022,3,Durham_England32022COMP3421,44
COMP3477,3,2022,27,69,,Durham_England,96,Durham_England32022,3,Durham_England32022COMP3477,45
COMP3487,3,2022,21,39,,Durham_England,60,Durham_England32022,3,Durham_England32022COMP3487,46
COMP3491,3,2022,18,30,,Durham_England,48,Durham_England32022,3,Durham_England32022COMP3491,47
COMP3517,3,2022,27,45,,Durham_England,72,Durham_England32022,3,Durham_England32022COMP3517,48
COMP3527,3,2022,21,63,,Durham_England,84,Durham_England32022,3,Durham_England32022COMP3527,49
COMP3547,3,2022,36,102,,Durham_England,138,Durham_England32022,3,Durham_England32022COMP3547,50
COMP3557,3,2022,12,33,,Durham_England,45,Durham_England32022,3,Durham_England32022COMP3557,51
COMP3567,3,2022,15,45,,Durham_England,60,Durham_England32022,3,Durham_England32022COMP3567,52
COMP3577,3,2022,15,33,,Durham_England,48,Durham_England32022,3,Durham_England32022COMP3577,53
COMP3587,3,2022,15,21,,Durham_England,36,Durham_England32022,3,Durham_England32022COMP3587,54
COMP3607,3,2022,27,75,,Durham_England,102,Durham_England32022,3,Durham_England32022COMP3607,55
COMP3617,3,2022,18,66,,Durham_England,84,Durham_England32022,3,Durham_England32022COMP3617,56
COMP3647,3,2022,24,48,,Durham_England,72,Durham_England32022,3,Durham_England32022COMP3647,57
COMP3657,3,2022,27,57,,Durham_England,84,Durham_England32022,3,Durham_England32022COMP3657,58
COMP3667,3,2022,21,84,,Durham_England,105,Durham_England32022,3,Durham_England32022COMP3667,59
COMP3677,3,2022,12,54,,Durham_England,66,Durham_England32022,3,Durham_England32022COMP3677,60
COMP4087,4,2020,0,12,,Durham_England,12,Durham_England42020,4,Durham_England42020COMP4087,61
COMP4097,4,2020,3,21,,Durham_England,24,Durham_England42020,4,Durham_England42020COMP4097,62
COMP4107,4,2020,6,21,,Durham_England,27,Durham_England42020,4,Durham_England42020COMP4107,63
COMP4127,4,2020,0,12,,Durham_England,12,Durham_England42020,4,Durham_England42020COMP4127,64
COMP4137,4,2020,6,30,,Durham_England,36,Durham_England42020,4,Durham_England42020COMP4137,65
COMP4157,4,2020,6,18,,Durham_England,24,Durham_England42020,4,Durham_England42020COMP4157,66
COMP4167,4,2020,6,33,,Durham_England,39,Durham_England42020,4,Durham_England42020COMP4167,67
COMP4177,4,2020,6,24,,Durham_England,30,Durham_England42020,4,Durham_England42020COMP4177,68
COMP4187,4,2020,0,12,,Durham_England,12,Durham_England42020,4,Durham_England42020COMP4187,69
COMP4197,4,2020,3,21,,Durham_England,24,Durham_England42020,4,Durham_England42020COMP4197,70
COMP4087,4,2021,3,12,,Durham_England,15,Durham_England42021,5,Durham_England42021COMP4087,71
COMP4097,4,2021,3,36,,Durham_England,39,Durham_England42021,5,Durham_England42021COMP4097,72
COMP4107,4,2021,6,42,,Durham_England,48,Durham_England42021,5,Durham_England42021COMP4107,73
COMP4117,4,2021,6,45,,Durham_England,51,Durham_England42021,5,Durham_England42021COMP4117,74
COMP4137,4,2021,6,45,,Durham_England,51,Durham_England42021,5,Durham_England42021COMP4137,75
COMP4157,4,2021,6,21,,Durham_England,27,Durham_England42021,5,Durham_England42021COMP4157,76
COMP4167,4,2021,9,54,,Durham_England,63,Durham_England42021,5,Durham_England42021COMP4167,77
COMP4177,4,2021,6,45,,Durham_England,51,Durham_England42021,5,Durham_England42021COMP4177,78
COMP4187,4,2021,0,18,,Durham_England,18,Durham_England42021,5,Durham_England42021COMP4187,79
COMP4197,4,2021,3,21,,Durham_England,24,Durham_England42021,5,Durham_England42021COMP4197,80
COMP4087,4,2022,0,9,,Durham_England,9,Durham_England42022,6,Durham_England42022COMP4087,81
COMP4097,4,2022,0,12,,Durham_England,12,Durham_England42022,6,Durham_England42022COMP4097,82
COMP4107,4,2022,3,12,,Durham_England,15,Durham_England42022,6,Durham_England42022COMP4107,83
COMP4117,4,2022,0,15,,Durham_England,15,Durham_England42022,6,Durham_England42022COMP4117,84
COMP4137,4,2022,0,15,,Durham_England,15,Durham_England42022,6,Durham_England42022COMP4137,85
COMP4157,4,2022,0,15,,Durham_England,15,Durham_England42022,6,Durham_England42022COMP4157,86
COMP4167,4,2022,3,21,,Durham_England,24,Durham_England42022,6,Durham_England42022COMP4167,87
COMP4177,4,2022,3,21,,Durham_England,24,Durham_England42022,6,Durham_England42022COMP4177,88
COMP4187,4,2022,0,3,,Durham_England,3,Durham_England42022,6,Durham_England42022COMP4187,89
COMP4197,4,2022,3,15,,Durham_England,18,Durham_England42022,6,Durham_England42022COMP4197,90
cxinfr09042,3/4/5/,2020,18,42,,Edinburgh_Scotland,60,Edinburgh_Scotland3/4/5/2020,7,Edinburgh_Scotland3/4/5/2020cxinfr09042,91
cxinfr10052,3/4/5/,2020,9,48,,Edinburgh_Scotland,57,Edinburgh_Scotland3/4/5/2020,7,Edinburgh_Scotland3/4/5/2020cxinfr10052,92
cxinfr10057,3/4/5/,2020,39,87,,Edinburgh_Scotland,126,Edinburgh_Scotland3/4/5/2020,7,Edinburgh_Scotland3/4/5/2020cxinfr10057,93
cxinfr10069,3/4/5/,2020,54,159,,Edinburgh_Scotland,213,Edinburgh_Scotland3/4/5/2020,7,Edinburgh_Scotland3/4/5/2020cxinfr10069,94
cxinfr10074,3/4/5/,2020,36,126,,Edinburgh_Scotland,162,Edinburgh_Scotland3/4/5/2020,7,Edinburgh_Scotland3/4/5/2020cxinfr10074,95
cxinfr10077,3/4/5/,2020,9,21,,Edinburgh_Scotland,30,Edinburgh_Scotland3/4/5/2020,7,Edinburgh_Scotland3/4/5/2020cxinfr10077,96
cxinfr10079,3/4/5/,2020,33,96,,Edinburgh_Scotland,129,Edinburgh_Scotland3/4/5/2020,7,Edinburgh_Scotland3/4/5/2020cxinfr10079,97
cxinfr10080,3/4/5/,2020,54,120,,Edinburgh_Scotland,174,Edinburgh_Scotland3/4/5/2020,7,Edinburgh_Scotland3/4/5/2020cxinfr10080,98
cxinfr11017,3/4/5/,2020,18,63,,Edinburgh_Scotland,81,Edinburgh_Scotland3/4/5/2020,7,Edinburgh_Scotland3/4/5/2020cxinfr11017,99
cxinfr11020,3/4/5/,2020,9,54,,Edinburgh_Scotland,63,Edinburgh_Scotland3/4/5/2020,7,Edinburgh_Scotland3/4/5/2020cxinfr11020,100
cxinfr11033,3/4/5/,2020,3,9,,Edinburgh_Scotland,12,Edinburgh_Scotland3/4/5/2020,7,Edinburgh_Scotland3/4/5/2020cxinfr11033,101
cxinfr11092,3/4/5/,2020,3,6,,Edinburgh_Scotland,9,Edinburgh_Scotland3/4/5/2020,7,Edinburgh_Scotland3/4/5/2020cxinfr11092,102
cxinfr11099,3/4/5/,2020,3,27,,Edinburgh_Scotland,30,Edinburgh_Scotland3/4/5/2020,7,Edinburgh_Scotland3/4/5/2020cxinfr11099,103
cxinfr11130,3/4/5/,2020,12,63,,Edinburgh_Scotland,75,Edinburgh_Scotland3/4/5/2020,7,Edinburgh_Scotland3/4/5/2020cxinfr11130,104
cxinfr11131,3/4/5/,2020,6,24,,Edinburgh_Scotland,30,Edinburgh_Scotland3/4/5/2020,7,Edinburgh_Scotland3/4/5/2020cxinfr11131,105
cxinfr11132,3/4/5/,2020,12,72,,Edinburgh_Scotland,84,Edinburgh_Scotland3/4/5/2020,7,Edinburgh_Scotland3/4/5/2020cxinfr11132,106
cxinfr11144,3/4/5/,2020,6,63,,Edinburgh_Scotland,69,Edinburgh_Scotland3/4/5/2020,7,Edinburgh_Scotland3/4/5/2020cxinfr11144,107
cxinfr11145,3/4/5/,2020,12,60,,Edinburgh_Scotland,72,Edinburgh_Scotland3/4/5/2020,7,Edinburgh_Scotland3/4/5/2020cxinfr11145,108
cxinfr11150,3/4/5/,2020,6,18,,Edinburgh_Scotland,24,Edinburgh_Scotland3/4/5/2020,7,Edinburgh_Scotland3/4/5/2020cxinfr11150,109
cxinfr11157,3/4/5/,2020,12,33,,Edinburgh_Scotland,45,Edinburgh_Scotland3/4/5/2020,7,Edinburgh_Scotland3/4/5/2020cxinfr11157,110
cxinfr11160,3/4/5/,2020,12,24,,Edinburgh_Scotland,36,Edinburgh_Scotland3/4/5/2020,7,Edinburgh_Scotland3/4/5/2020cxinfr11160,111
cxinfr11161,3/4/5/,2020,9,51,,Edinburgh_Scotland,60,Edinburgh_Scotland3/4/5/2020,7,Edinburgh_Scotland3/4/5/2020cxinfr11161,112
cxinfr11199,3/4/5/,2020,9,45,,Edinburgh_Scotland,54,Edinburgh_Scotland3/4/5/2020,7,Edinburgh_Scotland3/4/5/2020cxinfr11199,113
cxinfr09042,3/4/5/,2021,3,9,,Edinburgh_Scotland,12,Edinburgh_Scotland3/4/5/2021,8,Edinburgh_Scotland3/4/5/2021cxinfr09042,114
cxinfr10052,3/4/5/,2021,6,21,,Edinburgh_Scotland,27,Edinburgh_Scotland3/4/5/2021,8,Edinburgh_Scotland3/4/5/2021cxinfr10052,115
cxinfr10054,3/4/5/,2021,18,21,,Edinburgh_Scotland,39,Edinburgh_Scotland3/4/5/2021,8,Edinburgh_Scotland3/4/5/2021cxinfr10054,116
cxinfr10057,3/4/5/,2021,36,90,,Edinburgh_Scotland,126,Edinburgh_Scotland3/4/5/2021,8,Edinburgh_Scotland3/4/5/2021cxinfr10057,117
cxinfr10059,3/4/5/,2021,12,24,,Edinburgh_Scotland,36,Edinburgh_Scotland3/4/5/2021,8,Edinburgh_Scotland3/4/5/2021cxinfr10059,118
cxinfr10064,3/4/5/,2021,24,48,100.0,Edinburgh_Scotland,72,Edinburgh_Scotland3/4/5/2021,8,Edinburgh_Scotland3/4/5/2021cxinfr10064,119
cxinfr10065,3/4/5/,2021,9,54,,Edinburgh_Scotland,63,Edinburgh_Scotland3/4/5/2021,8,Edinburgh_Scotland3/4/5/2021cxinfr10065,120
cxinfr10069,3/4/5/,2021,54,147,,Edinburgh_Scotland,201,Edinburgh_Scotland3/4/5/2021,8,Edinburgh_Scotland3/4/5/2021cxinfr10069,121
cxinfr10074,3/4/5/,2021,33,129,,Edinburgh_Scotland,162,Edinburgh_Scotland3/4/5/2021,8,Edinburgh_Scotland3/4/5/2021cxinfr10074,122
cxinfr10076,3/4/5/,2021,9,27,60.0,Edinburgh_Scotland,36,Edinburgh_Scotland3/4/5/2021,8,Edinburgh_Scotland3/4/5/2021cxinfr10076,123
cxinfr10077,3/4/5/,2021,6,15,,Edinburgh_Scotland,21,Edinburgh_Scotland3/4/5/2021,8,Edinburgh_Scotland3/4/5/2021cxinfr10077,124
cxinfr10078,3/4/5/,2021,48,96,,Edinburgh_Scotland,144,Edinburgh_Scotland3/4/5/2021,8,Edinburgh_Scotland3/4/5/2021cxinfr10078,125
cxinfr10079,3/4/5/,2021,9,63,,Edinburgh_Scotland,72,Edinburgh_Scotland3/4/5/2021,8,Edinburgh_Scotland3/4/5/2021cxinfr10079,126
cxinfr10080,3/4/5/,2021,39,87,,Edinburgh_Scotland,126,Edinburgh_Scotland3/4/5/2021,8,Edinburgh_Scotland3/4/5/2021cxinfr10080,127
cxinfr11017,3/4/5/,2021,24,42,,Edinburgh_Scotland,66,Edinburgh_Scotland3/4/5/2021,8,Edinburgh_Scotland3/4/5/2021cxinfr11017,128
cxinfr11020,3/4/5/,2021,9,36,,Edinburgh_Scotland,45,Edinburgh_Scotland3/4/5/2021,8,Edinburgh_Scotland3/4/5/2021cxinfr11020,129
cxinfr11021,3/4/5/,2021,9,33,,Edinburgh_Scotland,42,Edinburgh_Scotland3/4/5/2021,8,Edinburgh_Scotland3/4/5/2021cxinfr11021,130
cxinfr11023,3/4/5/,2021,3,18,,Edinburgh_Scotland,21,Edinburgh_Scotland3/4/5/2021,8,Edinburgh_Scotland3/4/5/2021cxinfr11023,131
cxinfr11033,3/4/5/,2021,6,15,,Edinburgh_Scotland,21,Edinburgh_Scotland3/4/5/2021,8,Edinburgh_Scotland3/4/5/2021cxinfr11033,132
cxinfr11088,3/4/5/,2021,12,45,,Edinburgh_Scotland,57,Edinburgh_Scotland3/4/5/2021,8,Edinburgh_Scotland3/4/5/2021cxinfr11088,133
cxinfr11092,3/4/5/,2021,0,3,,Edinburgh_Scotland,3,Edinburgh_Scotland3/4/5/2021,8,Edinburgh_Scotland3/4/5/2021cxinfr11092,134
cxinfr11098,3/4/5/,2021,9,15,,Edinburgh_Scotland,24,Edinburgh_Scotland3/4/5/2021,8,Edinburgh_Scotland3/4/5/2021cxinfr11098,135
cxinfr11099,3/4/5/,2021,3,21,,Edinburgh_Scotland,24,Edinburgh_Scotland3/4/5/2021,8,Edinburgh_Scotland3/4/5/2021cxinfr11099,136
cxinfr11130,3/4/5/,2021,15,51,,Edinburgh_Scotland,66,Edinburgh_Scotland3/4/5/2021,8,Edinburgh_Scotland3/4/5/2021cxinfr11130,137
cxinfr11131,3/4/5/,2021,3,9,,Edinburgh_Scotland,12,Edinburgh_Scotland3/4/5/2021,8,Edinburgh_Scotland3/4/5/2021cxinfr11131,138
cxinfr11132,3/4/5/,2021,18,60,,Edinburgh_Scotland,78,Edinburgh_Scotland3/4/5/2021,8,Edinburgh_Scotland3/4/5/2021cxinfr11132,139
cxinfr11134,3/4/5/,2021,3,3,,Edinburgh_Scotland,6,Edinburgh_Scotland3/4/5/2021,8,Edinburgh_Scotland3/4/5/2021cxinfr11134,140
cxinfr11144,3/4/5/,2021,9,42,,Edinburgh_Scotland,51,Edinburgh_Scotland3/4/5/2021,8,Edinburgh_Scotland3/4/5/2021cxinfr11144,141
cxinfr11145,3/4/5/,2021,21,66,,Edinburgh_Scotland,87,Edinburgh_Scotland3/4/5/2021,8,Edinburgh_Scotland3/4/5/2021cxinfr11145,142
cxinfr11150,3/4/5/,2021,6,21,,Edinburgh_Scotland,27,Edinburgh_Scotland3/4/5/2021,8,Edinburgh_Scotland3/4/5/2021cxinfr11150,143
cxinfr11157,3/4/5/,2021,3,12,,Edinburgh_Scotland,15,Edinburgh_Scotland3/4/5/2021,8,Edinburgh_Scotland3/4/5/2021cxinfr11157,144
cxinfr11160,3/4/5/,2021,15,39,,Edinburgh_Scotland,54,Edinburgh_Scotland3/4/5/2021,8,Edinburgh_Scotland3/4/5/2021cxinfr11160,145
cxinfr11161,3/4/5/,2021,6,15,,Edinburgh_Scotland,21,Edinburgh_Scotland3/4/5/2021,8,Edinburgh_Scotland3/4/5/2021cxinfr11161,146
cxinfr11187,3/4/5/,2021,0,6,,Edinburgh_Scotland,6,Edinburgh_Scotland3/4/5/2021,8,Edinburgh_Scotland3/4/5/2021cxinfr11187,147
cxinfr11199,3/4/5/,2021,15,27,,Edinburgh_Scotland,42,Edinburgh_Scotland3/4/5/2021,8,Edinburgh_Scotland3/4/5/2021cxinfr11199,148
cxinfr11202,3/4/5/,2021,3,18,,Edinburgh_Scotland,21,Edinburgh_Scotland3/4/5/2021,8,Edinburgh_Scotland3/4/5/2021cxinfr11202,149
cxinfr11208,3/4/5/,2021,12,18,,Edinburgh_Scotland,30,Edinburgh_Scotland3/4/5/2021,8,Edinburgh_Scotland3/4/5/2021cxinfr11208,150
cxinfr10052,3/4/5/,2022,6,30,,Edinburgh_Scotland,36,Edinburgh_Scotland3/4/5/2022,9,Edinburgh_Scotland3/4/5/2022cxinfr10052,151
cxinfr10054,3/4/5/,2022,9,12,,Edinburgh_Scotland,21,Edinburgh_Scotland3/4/5/2022,9,Edinburgh_Scotland3/4/5/2022cxinfr10054,152
cxinfr10057,3/4/5/,2022,30,81,,Edinburgh_Scotland,111,Edinburgh_Scotland3/4/5/2022,9,Edinburgh_Scotland3/4/5/2022cxinfr10057,153
cxinfr10059,3/4/5/,2022,3,9,,Edinburgh_Scotland,12,Edinburgh_Scotland3/4/5/2022,9,Edinburgh_Scotland3/4/5/2022cxinfr10059,154
cxinfr10061,3/4/5/,2022,3,21,,Edinburgh_Scotland,24,Edinburgh_Scotland3/4/5/2022,9,Edinburgh_Scotland3/4/5/2022cxinfr10061,155
cxinfr10064,3/4/5/,2022,21,63,100.0,Edinburgh_Scotland,84,Edinburgh_Scotland3/4/5/2022,9,Edinburgh_Scotland3/4/5/2022cxinfr10064,156
cxinfr10065,3/4/5/,2022,21,114,,Edinburgh_Scotland,135,Edinburgh_Scotland3/4/5/2022,9,Edinburgh_Scotland3/4/5/2022cxinfr10065,157
cxinfr10074,3/4/5/,2022,45,132,,Edinburgh_Scotland,177,Edinburgh_Scotland3/4/5/2022,9,Edinburgh_Scotland3/4/5/2022cxinfr10074,158
cxinfr10076,3/4/5/,2022,3,36,60.0,Edinburgh_Scotland,39,Edinburgh_Scotland3/4/5/2022,9,Edinburgh_Scotland3/4/5/2022cxinfr10076,159
cxinfr10077,3/4/5/,2022,9,21,,Edinburgh_Scotland,30,Edinburgh_Scotland3/4/5/2022,9,Edinburgh_Scotland3/4/5/2022cxinfr10077,160
cxinfr10078,3/4/5/,2022,36,84,,Edinburgh_Scotland,120,Edinburgh_Scotland3/4/5/2022,9,Edinburgh_Scotland3/4/5/2022cxinfr10078,161
cxinfr10079,3/4/5/,2022,39,105,,Edinburgh_Scotland,144,Edinburgh_Scotland3/4/5/2022,9,Edinburgh_Scotland3/4/5/2022cxinfr10079,162
cxinfr10080,3/4/5/,2022,18,57,,Edinburgh_Scotland,75,Edinburgh_Scotland3/4/5/2022,9,Edinburgh_Scotland3/4/5/2022cxinfr10080,163
cxinfr10085,3/4/5/,2022,12,60,,Edinburgh_Scotland,72,Edinburgh_Scotland3/4/5/2022,9,Edinburgh_Scotland3/4/5/2022cxinfr10085,164
cxinfr10086,3/4/5/,2022,30,93,,Edinburgh_Scotland,123,Edinburgh_Scotland3/4/5/2022,9,Edinburgh_Scotland3/4/5/2022cxinfr10086,165
cxinfr10087,3/4/5/,2022,0,9,,Edinburgh_Scotland,9,Edinburgh_Scotland3/4/5/2022,9,Edinburgh_Scotland3/4/5/2022cxinfr10087,166
cxinfr11017,3/4/5/,2022,21,27,,Edinburgh_Scotland,48,Edinburgh_Scotland3/4/5/2022,9,Edinburgh_Scotland3/4/5/2022cxinfr11017,167
cxinfr11088,3/4/5/,2022,9,24,,Edinburgh_Scotland,33,Edinburgh_Scotland3/4/5/2022,9,Edinburgh_Scotland3/4/5/2022cxinfr11088,168
cxinfr11098,3/4/5/,2022,3,15,,Edinburgh_Scotland,18,Edinburgh_Scotland3/4/5/2022,9,Edinburgh_Scotland3/4/5/2022cxinfr11098,169
cxinfr11114,3/4/5/,2022,3,24,,Edinburgh_Scotland,27,Edinburgh_Scotland3/4/5/2022,9,Edinburgh_Scotland3/4/5/2022cxinfr11114,170
cxinfr11130,3/4/5/,2022,9,24,,Edinburgh_Scotland,33,Edinburgh_Scotland3/4/5/2022,9,Edinburgh_Scotland3/4/5/2022cxinfr11130,171
cxinfr11160,3/4/5/,2022,21,51,,Edinburgh_Scotland,72,Edinburgh_Scotland3/4/5/2022,9,Edinburgh_Scotland3/4/5/2022cxinfr11160,172
cxinfr11161,3/4/5/,2022,3,24,,Edinburgh_Scotland,27,Edinburgh_Scotland3/4/5/2022,9,Edinburgh_Scotland3/4/5/2022cxinfr11161,173
cxinfr11201,3/4/5/,2022,0,3,,Edinburgh_Scotland,3,Edinburgh_Scotland3/4/5/2022,9,Edinburgh_Scotland3/4/5/2022cxinfr11201,174
cxinfr11209,3/4/5/,2022,3,12,,Edinburgh_Scotland,15,Edinburgh_Scotland3/4/5/2022,9,Edinburgh_Scotland3/4/5/2022cxinfr11209,175
cxinfr11213,3/4/5/,2022,3,15,44.0,Edinburgh_Scotland,18,Edinburgh_Scotland3/4/5/2022,9,Edinburgh_Scotland3/4/5/2022cxinfr11213,176
cxinfr11217,3/4/5/,2022,9,30,,Edinburgh_Scotland,39,Edinburgh_Scotland3/4/5/2022,9,Edinburgh_Scotland3/4/5/2022cxinfr11217,177
cxinfr11218,3/4/5/,2022,6,21,,Edinburgh_Scotland,27,Edinburgh_Scotland3/4/5/2022,9,Edinburgh_Scotland3/4/5/2022cxinfr11218,178
cxinfr11219,3/4/5/,2022,9,15,,Edinburgh_Scotland,24,Edinburgh_Scotland3/4/5/2022,9,Edinburgh_Scotland3/4/5/2022cxinfr11219,179
cxinfr11220,3/4/5/,2022,12,57,,Edinburgh_Scotland,69,Edinburgh_Scotland3/4/5/2022,9,Edinburgh_Scotland3/4/5/2022cxinfr11220,180
cxinfr11221,3/4/5/,2022,6,9,,Edinburgh_Scotland,15,Edinburgh_Scotland3/4/5/2022,9,Edinburgh_Scotland3/4/5/2022cxinfr11221,181
cxinfr11222,3/4/5/,2022,3,12,,Edinburgh_Scotland,15,Edinburgh_Scotland3/4/5/2022,9,Edinburgh_Scotland3/4/5/2022cxinfr11222,182
cxinfr11223,3/4/5/,2022,18,66,,Edinburgh_Scotland,84,Edinburgh_Scotland3/4/5/2022,9,Edinburgh_Scotland3/4/5/2022cxinfr11223,183
cxinfr11224,3/4/5/,2022,9,15,,Edinburgh_Scotland,24,Edinburgh_Scotland3/4/5/2022,9,Edinburgh_Scotland3/4/5/2022cxinfr11224,184
cxinfr11225,3/4/5/,2022,9,21,,Edinburgh_Scotland,30,Edinburgh_Scotland3/4/5/2022,9,Edinburgh_Scotland3/4/5/2022cxinfr11225,185
cxinfr11226,3/4/5/,2022,3,15,,Edinburgh_Scotland,18,Edinburgh_Scotland3/4/5/2022,9,Edinburgh_Scotland3/4/5/2022cxinfr11226,186
cxinfr11227,3/4/5/,2022,3,6,,Edinburgh_Scotland,9,Edinburgh_Scotland3/4/5/2022,9,Edinburgh_Scotland3/4/5/2022cxinfr11227,187
cxinfr11228,3/4/5/,2022,15,30,,Edinburgh_Scotland,45,Edinburgh_Scotland3/4/5/2022,9,Edinburgh_Scotland3/4/5/2022cxinfr11228,188
cxinfr11229,3/4/5/,2022,6,42,,Edinburgh_Scotland,48,Edinburgh_Scotland3/4/5/2022,9,Edinburgh_Scotland3/4/5/2022cxinfr11229,189
cxinfr11235,3/4/5/,2022,3,9,,Edinburgh_Scotland,12,Edinburgh_Scotland3/4/5/2022,9,Edinburgh_Scotland3/4/5/2022cxinfr11235,190
cxinfr11238,3/4/5/,2022,18,75,,Edinburgh_Scotland,93,Edinburgh_Scotland3/4/5/2022,9,Edinburgh_Scotland3/4/5/2022cxinfr11238,191
cxinfr11239,3/4/5/,2022,12,45,,Edinburgh_Scotland,57,Edinburgh_Scotland3/4/5/2022,9,Edinburgh_Scotland3/4/5/2022cxinfr11239,192
COMPSCI4003,H,2020,9,39,,Glasgow_Scotland,48,Glasgow_ScotlandH2020,10,Glasgow_ScotlandH2020COMPSCI4003,193
COMPSCI4004,H,2020,27,84,,Glasgow_Scotland,111,Glasgow_ScotlandH2020,10,Glasgow_ScotlandH2020COMPSCI4004,194
COMPSCI4007,H,2020,0,21,,Glasgow_Scotland,21,Glasgow_ScotlandH2020,10,Glasgow_ScotlandH2020COMPSCI4007,195
COMPSCI4011,H,2020,15,81,,Glasgow_Scotland,96,Glasgow_ScotlandH2020,10,Glasgow_ScotlandH2020COMPSCI4011,196
COMPSCI4012,H,2020,24,126,,Glasgow_Scotland,150,Glasgow_ScotlandH2020,10,Glasgow_ScotlandH2020COMPSCI4012,197
COMPSCI4013,H,2020,45,144,,Glasgow_Scotland,189,Glasgow_ScotlandH2020,10,Glasgow_ScotlandH2020COMPSCI4013,198
COMPSCI4016,H,2020,27,102,,Glasgow_Scotland,129,Glasgow_ScotlandH2020,10,Glasgow_ScotlandH2020COMPSCI4016,199
COMPSCI4021,H,2020,15,120,,Glasgow_Scotland,135,Glasgow_ScotlandH2020,10,Glasgow_ScotlandH2020COMPSCI4021,200
COMPSCI4023,H,2020,18,69,,Glasgow_Scotland,87,Glasgow_ScotlandH2020,10,Glasgow_ScotlandH2020COMPSCI4023,201
COMPSCI4031,H,2020,0,6,,Glasgow_Scotland,6,Glasgow_ScotlandH2020,10,Glasgow_ScotlandH2020COMPSCI4031,202
COMPSCI4061,H,2020,15,60,,Glasgow_Scotland,75,Glasgow_ScotlandH2020,10,Glasgow_ScotlandH2020COMPSCI4061,203
COMPSCI4066,H,2020,12,36,,Glasgow_Scotland,48,Glasgow_ScotlandH2020,10,Glasgow_ScotlandH2020COMPSCI4066,204
COMPSCI4068,H,2020,45,105,,Glasgow_Scotland,150,Glasgow_ScotlandH2020,10,Glasgow_ScotlandH2020COMPSCI4068,205
COMPSCI4069,H,2020,6,18,,Glasgow_Scotland,24,Glasgow_ScotlandH2020,10,Glasgow_ScotlandH2020COMPSCI4069,206
COMPSCI4071,H,2020,6,33,,Glasgow_Scotland,39,Glasgow_ScotlandH2020,10,Glasgow_ScotlandH2020COMPSCI4071,207
COMPSCI4072,H,2020,3,15,,Glasgow_Scotland,18,Glasgow_ScotlandH2020,10,Glasgow_ScotlandH2020COMPSCI4072,208
COMPSCI4074,H,2020,15,69,,Glasgow_Scotland,84,Glasgow_ScotlandH2020,10,Glasgow_ScotlandH2020COMPSCI4074,209
COMPSCI4075,H,2020,12,30,,Glasgow_Scotland,42,Glasgow_ScotlandH2020,10,Glasgow_ScotlandH2020COMPSCI4075,210
COMPSCI4076,H,2020,18,78,,Glasgow_Scotland,96,Glasgow_ScotlandH2020,10,Glasgow_ScotlandH2020COMPSCI4076,211
COMPSCI4077,H,2020,24,78,,Glasgow_Scotland,102,Glasgow_ScotlandH2020,10,Glasgow_ScotlandH2020COMPSCI4077,212
COMPSCI4080,H,2020,15,27,,Glasgow_Scotland,42,Glasgow_ScotlandH2020,10,Glasgow_ScotlandH2020COMPSCI4080,213
COMPSCI4082,H,2020,0,21,,Glasgow_Scotland,21,Glasgow_ScotlandH2020,10,Glasgow_ScotlandH2020COMPSCI4082,214
COMPSCI4087,H,2020,24,99,,Glasgow_Scotland,123,Glasgow_ScotlandH2020,10,Glasgow_ScotlandH2020COMPSCI4087,215
COMPSCI4089,H,2020,0,15,,Glasgow_Scotland,15,Glasgow_ScotlandH2020,10,Glasgow_ScotlandH2020COMPSCI4089,216
COMPSCI4003,H,2021,30,63,,Glasgow_Scotland,93,Glasgow_ScotlandH2021,11,Glasgow_ScotlandH2021COMPSCI4003,217
COMPSCI4004,H,2021,42,153,,Glasgow_Scotland,195,Glasgow_ScotlandH2021,11,Glasgow_ScotlandH2021COMPSCI4004,218
COMPSCI4007,H,2021,21,81,,Glasgow_Scotland,102,Glasgow_ScotlandH2021,11,Glasgow_ScotlandH2021COMPSCI4007,219
COMPSCI4011,H,2021,18,72,,Glasgow_Scotland,90,Glasgow_ScotlandH2021,11,Glasgow_ScotlandH2021COMPSCI4011,220
COMPSCI4012,H,2021,27,90,,Glasgow_Scotland,117,Glasgow_ScotlandH2021,11,Glasgow_ScotlandH2021COMPSCI4012,221
COMPSCI4013,H,2021,39,135,,Glasgow_Scotland,174,Glasgow_ScotlandH2021,11,Glasgow_ScotlandH2021COMPSCI4013,222
COMPSCI4016,H,2021,27,132,,Glasgow_Scotland,159,Glasgow_ScotlandH2021,11,Glasgow_ScotlandH2021COMPSCI4016,223
COMPSCI4021,H,2021,30,102,,Glasgow_Scotland,132,Glasgow_ScotlandH2021,11,Glasgow_ScotlandH2021COMPSCI4021,224
COMPSCI4023,H,2021,24,81,,Glasgow_Scotland,105,Glasgow_ScotlandH2021,11,Glasgow_ScotlandH2021COMPSCI4023,225
COMPSCI4031,H,2021,6,21,,Glasgow_Scotland,27,Glasgow_ScotlandH2021,11,Glasgow_ScotlandH2021COMPSCI4031,226
COMPSCI4061,H,2021,33,114,,Glasgow_Scotland,147,Glasgow_ScotlandH2021,11,Glasgow_ScotlandH2021COMPSCI4061,227
COMPSCI4064,H,2021,0,12,,Glasgow_Scotland,12,Glasgow_ScotlandH2021,11,Glasgow_ScotlandH2021COMPSCI4064,228
COMPSCI4068,H,2021,54,150,,Glasgow_Scotland,204,Glasgow_ScotlandH2021,11,Glasgow_ScotlandH2021COMPSCI4068,229
COMPSCI4069,H,2021,15,42,,Glasgow_Scotland,57,Glasgow_ScotlandH2021,11,Glasgow_ScotlandH2021COMPSCI4069,230
COMPSCI4071,H,2021,6,39,,Glasgow_Scotland,45,Glasgow_ScotlandH2021,11,Glasgow_ScotlandH2021COMPSCI4071,231
COMPSCI4072,H,2021,3,9,,Glasgow_Scotland,12,Glasgow_ScotlandH2021,11,Glasgow_ScotlandH2021COMPSCI4072,232
COMPSCI4074,H,2021,27,78,,Glasgow_Scotland,105,Glasgow_ScotlandH2021,11,Glasgow_ScotlandH2021COMPSCI4074,233
COMPSCI4075,H,2021,15,57,,Glasgow_Scotland,72,Glasgow_ScotlandH2021,11,Glasgow_ScotlandH2021COMPSCI4075,234
COMPSCI4076,H,2021,39,150,,Glasgow_Scotland,189,Glasgow_ScotlandH2021,11,Glasgow_ScotlandH2021COMPSCI4076,235
COMPSCI4077,H,2021,9,33,,Glasgow_Scotland,42,Glasgow_ScotlandH2021,11,Glasgow_ScotlandH2021COMPSCI4077,236
COMPSCI4080,H,2021,21,57,,Glasgow_Scotland,78,Glasgow_ScotlandH2021,11,Glasgow_ScotlandH2021COMPSCI4080,237
COMPSCI4087,H,2021,18,69,,Glasgow_Scotland,87,Glasgow_ScotlandH2021,11,Glasgow_ScotlandH2021COMPSCI4087,238
COMPSCI4089,H,2021,9,36,,Glasgow_Scotland,45,Glasgow_ScotlandH2021,11,Glasgow_ScotlandH2021COMPSCI4089,239
COMPSCI4091,H,2021,6,24,,Glasgow_Scotland,30,Glasgow_ScotlandH2021,11,Glasgow_ScotlandH2021COMPSCI4091,240
COMPSCI4003,H,2022,9,42,,Glasgow_Scotland,51,Glasgow_ScotlandH2022,12,Glasgow_ScotlandH2022COMPSCI4003,241
COMPSCI4004,H,2022,9,60,,Glasgow_Scotland,69,Glasgow_ScotlandH2022,12,Glasgow_ScotlandH2022COMPSCI4004,242
COMPSCI4007,H,2022,3,30,,Glasgow_Scotland,33,Glasgow_ScotlandH2022,12,Glasgow_ScotlandH2022COMPSCI4007,243
COMPSCI4011,H,2022,12,66,,Glasgow_Scotland,78,Glasgow_ScotlandH2022,12,Glasgow_ScotlandH2022COMPSCI4011,244
COMPSCI4012,H,2022,27,108,,Glasgow_Scotland,135,Glasgow_ScotlandH2022,12,Glasgow_ScotlandH2022COMPSCI4012,245
COMPSCI4013,H,2022,48,183,,Glasgow_Scotland,231,Glasgow_ScotlandH2022,12,Glasgow_ScotlandH2022COMPSCI4013,246
COMPSCI4016,H,2022,27,126,,Glasgow_Scotland,153,Glasgow_ScotlandH2022,12,Glasgow_ScotlandH2022COMPSCI4016,247
COMPSCI4021,H,2022,21,111,,Glasgow_Scotland,132,Glasgow_ScotlandH2022,12,Glasgow_ScotlandH2022COMPSCI4021,248
COMPSCI4023,H,2022,24,69,,Glasgow_Scotland,93,Glasgow_ScotlandH2022,12,Glasgow_ScotlandH2022COMPSCI4023,249
COMPSCI4031,H,2022,3,12,,Glasgow_Scotland,15,Glasgow_ScotlandH2022,12,Glasgow_ScotlandH2022COMPSCI4031,250
COMPSCI4061,H,2022,18,75,,Glasgow_Scotland,93,Glasgow_ScotlandH2022,12,Glasgow_ScotlandH2022COMPSCI4061,251
COMPSCI4064,H,2022,3,15,,Glasgow_Scotland,18,Glasgow_ScotlandH2022,12,Glasgow_ScotlandH2022COMPSCI4064,252
COMPSCI4066,H,2022,15,39,,Glasgow_Scotland,54,Glasgow_ScotlandH2022,12,Glasgow_ScotlandH2022COMPSCI4066,253
COMPSCI4068,H,2022,51,126,,Glasgow_Scotland,177,Glasgow_ScotlandH2022,12,Glasgow_ScotlandH2022COMPSCI4068,254
COMPSCI4069,H,2022,9,36,,Glasgow_Scotland,45,Glasgow_ScotlandH2022,12,Glasgow_ScotlandH2022COMPSCI4069,255
COMPSCI4071,H,2022,3,33,,Glasgow_Scotland,36,Glasgow_ScotlandH2022,12,Glasgow_ScotlandH2022COMPSCI4071,256
COMPSCI4072,H,2022,6,21,,Glasgow_Scotland,27,Glasgow_ScotlandH2022,12,Glasgow_ScotlandH2022COMPSCI4072,257
COMPSCI4074,H,2022,27,108,,Glasgow_Scotland,135,Glasgow_ScotlandH2022,12,Glasgow_ScotlandH2022COMPSCI4074,258
COMPSCI4075,H,2022,15,60,,Glasgow_Scotland,75,Glasgow_ScotlandH2022,12,Glasgow_ScotlandH2022COMPSCI4075,259
COMPSCI4076,H,2022,18,105,,Glasgow_Scotland,123,Glasgow_ScotlandH2022,12,Glasgow_ScotlandH2022COMPSCI4076,260
COMPSCI4077,H,2022,6,21,,Glasgow_Scotland,27,Glasgow_ScotlandH2022,12,Glasgow_ScotlandH2022COMPSCI4077,261
COMPSCI4080,H,2022,18,39,,Glasgow_Scotland,57,Glasgow_ScotlandH2022,12,Glasgow_ScotlandH2022COMPSCI4080,262
COMPSCI4082,H,2022,6,30,,Glasgow_Scotland,36,Glasgow_ScotlandH2022,12,Glasgow_ScotlandH2022COMPSCI4082,263
COMPSCI4087,H,2022,24,63,,Glasgow_Scotland,87,Glasgow_ScotlandH2022,12,Glasgow_ScotlandH2022COMPSCI4087,264
COMPSCI4089,H,2022,6,24,,Glasgow_Scotland,30,Glasgow_ScotlandH2022,12,Glasgow_ScotlandH2022COMPSCI4089,265
COMPSCI4091,H,2022,6,18,,Glasgow_Scotland,24,Glasgow_ScotlandH2022,12,Glasgow_ScotlandH2022COMPSCI4091,266
CGDD2012L,1,2020,12,87,,Kennesaw_USA,99,Kennesaw_USA12020,13,Kennesaw_USA12020CGDD2012L,267
CGDD4113,1,2020,6,27,,Kennesaw_USA,33,Kennesaw_USA12020,13,Kennesaw_USA12020CGDD4113,268
CGDD4603,1,2020,3,18,,Kennesaw_USA,21,Kennesaw_USA12020,13,Kennesaw_USA12020CGDD4603,269
CS3626,1,2020,6,39,,Kennesaw_USA,45,Kennesaw_USA12020,13,Kennesaw_USA12020CS3626,270
CS3642,1,2020,24,168,,Kennesaw_USA,192,Kennesaw_USA12020,13,Kennesaw_USA12020CS3642,271
CS4265,1,2020,9,36,,Kennesaw_USA,45,Kennesaw_USA12020,13,Kennesaw_USA12020CS4265,272
CS4267,1,2020,3,30,,Kennesaw_USA,33,Kennesaw_USA12020,13,Kennesaw_USA12020CS4267,273
CS4412,1,2020,6,45,,Kennesaw_USA,51,Kennesaw_USA12020,13,Kennesaw_USA12020CS4412,274
CS4522,1,2020,0,3,,Kennesaw_USA,3,Kennesaw_USA12020,13,Kennesaw_USA12020CS4522,275
CS4524,1,2020,3,18,,Kennesaw_USA,21,Kennesaw_USA12020,13,Kennesaw_USA12020CS4524,276
CS4622,1,2020,3,9,,Kennesaw_USA,12,Kennesaw_USA12020,13,Kennesaw_USA12020CS4622,277
CS4712,1,2020,18,90,,Kennesaw_USA,108,Kennesaw_USA12020,13,Kennesaw_USA12020CS4712,278
CS4720,1,2020,39,174,,Kennesaw_USA,213,Kennesaw_USA12020,13,Kennesaw_USA12020CS4720,279
CS4732,1,2020,3,15,,Kennesaw_USA,18,Kennesaw_USA12020,13,Kennesaw_USA12020CS4732,280
CSE1300,1,2020,111,342,,Kennesaw_USA,453,Kennesaw_USA12020,13,Kennesaw_USA12020CSE1300,281
CSE3203,1,2020,6,30,,Kennesaw_USA,36,Kennesaw_USA12020,13,Kennesaw_USA12020CSE3203,282
CSE4983,1,2020,12,27,,Kennesaw_USA,39,Kennesaw_USA12020,13,Kennesaw_USA12020CSE4983,283
CYBR3153,1,2020,15,54,,Kennesaw_USA,69,Kennesaw_USA12020,13,Kennesaw_USA12020CYBR3153,284
CYBR3223,1,2020,6,18,,Kennesaw_USA,24,Kennesaw_USA12020,13,Kennesaw_USA12020CYBR3223,285
CYBR3305,1,2020,18,39,,Kennesaw_USA,57,Kennesaw_USA12020,13,Kennesaw_USA12020CYBR3305,286
CYBR4305,1,2020,9,18,,Kennesaw_USA,27,Kennesaw_USA12020,13,Kennesaw_USA12020CYBR4305,287
CYBR4333,1,2020,3,18,,Kennesaw_USA,21,Kennesaw_USA12020,13,Kennesaw_USA12020CYBR4333,288
CYBR4350,1,2020,3,18,,Kennesaw_USA,21,Kennesaw_USA12020,13,Kennesaw_USA12020CYBR4350,289
CYBR4700,1,2020,0,3,,Kennesaw_USA,3,Kennesaw_USA12020,13,Kennesaw_USA12020CYBR4700,290
CYBR4833,1,2020,3,21,,Kennesaw_USA,24,Kennesaw_USA12020,13,Kennesaw_USA12020CYBR4833,291
CYBR4843,1,2020,12,33,,Kennesaw_USA,45,Kennesaw_USA12020,13,Kennesaw_USA12020CYBR4843,292
CYBR4853,1,2020,15,54,,Kennesaw_USA,69,Kennesaw_USA12020,13,Kennesaw_USA12020CYBR4853,293
CYBR4883,1,2020,0,12,,Kennesaw_USA,12,Kennesaw_USA12020,13,Kennesaw_USA12020CYBR4883,294
CYBR4893,1,2020,6,15,,Kennesaw_USA,21,Kennesaw_USA12020,13,Kennesaw_USA12020CYBR4893,295
IT3503,1,2020,33,39,,Kennesaw_USA,72,Kennesaw_USA12020,13,Kennesaw_USA12020IT3503,296
IT3703,1,2020,9,12,,Kennesaw_USA,21,Kennesaw_USA12020,13,Kennesaw_USA12020IT3703,297
IT4123,1,2020,36,153,,Kennesaw_USA,189,Kennesaw_USA12020,13,Kennesaw_USA12020IT4123,298
IT4153,1,2020,6,48,,Kennesaw_USA,54,Kennesaw_USA12020,13,Kennesaw_USA12020IT4153,299
IT4203,1,2020,12,27,,Kennesaw_USA,39,Kennesaw_USA12020,13,Kennesaw_USA12020IT4203,300
IT4213,1,2020,3,21,,Kennesaw_USA,24,Kennesaw_USA12020,13,Kennesaw_USA12020IT4213,301
IT4333,1,2020,6,45,,Kennesaw_USA,51,Kennesaw_USA12020,13,Kennesaw_USA12020IT4333,302
IT4403,1,2020,0,12,,Kennesaw_USA,12,Kennesaw_USA12020,13,Kennesaw_USA12020IT4403,303
IT4423,1,2020,45,168,,Kennesaw_USA,213,Kennesaw_USA12020,13,Kennesaw_USA12020IT4423,304
IT4513,1,2020,6,6,,Kennesaw_USA,12,Kennesaw_USA12020,13,Kennesaw_USA12020IT4513,305
IT4523,1,2020,6,6,,Kennesaw_USA,12,Kennesaw_USA12020,13,Kennesaw_USA12020IT4523,306
IT4533,1,2020,6,3,,Kennesaw_USA,9,Kennesaw_USA12020,13,Kennesaw_USA12020IT4533,307
IT4673,1,2020,3,30,,Kennesaw_USA,33,Kennesaw_USA12020,13,Kennesaw_USA12020IT4673,308
IT4713,1,2020,12,45,,Kennesaw_USA,57,Kennesaw_USA12020,13,Kennesaw_USA12020IT4713,309
IT4733,1,2020,3,0,,Kennesaw_USA,3,Kennesaw_USA12020,13,Kennesaw_USA12020IT4733,310
IT4833,1,2020,24,84,,Kennesaw_USA,108,Kennesaw_USA12020,13,Kennesaw_USA12020IT4833,311
IT4843,1,2020,24,99,,Kennesaw_USA,123,Kennesaw_USA12020,13,Kennesaw_USA12020IT4843,312
IT4853,1,2020,24,87,,Kennesaw_USA,111,Kennesaw_USA12020,13,Kennesaw_USA12020IT4853,313
IT4883,1,2020,15,60,,Kennesaw_USA,75,Kennesaw_USA12020,13,Kennesaw_USA12020IT4883,314
IT4893,1,2020,3,9,,Kennesaw_USA,12,Kennesaw_USA12020,13,Kennesaw_USA12020IT4893,315
SWE3683,1,2020,0,9,,Kennesaw_USA,9,Kennesaw_USA12020,13,Kennesaw_USA12020SWE3683,316
SWE4633,1,2020,6,33,,Kennesaw_USA,39,Kennesaw_USA12020,13,Kennesaw_USA12020SWE4633,317
SWE4743,1,2020,3,18,,Kennesaw_USA,21,Kennesaw_USA12020,13,Kennesaw_USA12020SWE4743,318
SWE4783,1,2020,12,48,,Kennesaw_USA,60,Kennesaw_USA12020,13,Kennesaw_USA12020SWE4783,319
CGDD2012L,1,2021,15,99,,Kennesaw_USA,114,Kennesaw_USA12021,14,Kennesaw_USA12021CGDD2012L,320
CGDD4113,1,2021,6,33,,Kennesaw_USA,39,Kennesaw_USA12021,14,Kennesaw_USA12021CGDD4113,321
CGDD4603,1,2021,3,18,,Kennesaw_USA,21,Kennesaw_USA12021,14,Kennesaw_USA12021CGDD4603,322
CS3626,1,2021,21,84,,Kennesaw_USA,105,Kennesaw_USA12021,14,Kennesaw_USA12021CS3626,323
CS3642,1,2021,30,189,,Kennesaw_USA,219,Kennesaw_USA12021,14,Kennesaw_USA12021CS3642,324
CS4265,1,2021,3,36,,Kennesaw_USA,39,Kennesaw_USA12021,14,Kennesaw_USA12021CS4265,325
CS4267,1,2021,6,48,,Kennesaw_USA,54,Kennesaw_USA12021,14,Kennesaw_USA12021CS4267,326
CS4277,1,2021,0,6,,Kennesaw_USA,6,Kennesaw_USA12021,14,Kennesaw_USA12021CS4277,327
CS4412,1,2021,12,72,,Kennesaw_USA,84,Kennesaw_USA12021,14,Kennesaw_USA12021CS4412,328
CS4422,1,2021,3,12,,Kennesaw_USA,15,Kennesaw_USA12021,14,Kennesaw_USA12021CS4422,329
CS4522,1,2021,0,9,,Kennesaw_USA,9,Kennesaw_USA12021,14,Kennesaw_USA12021CS4522,330
CS4524,1,2021,6,12,,Kennesaw_USA,18,Kennesaw_USA12021,14,Kennesaw_USA12021CS4524,331
CS4622,1,2021,0,6,,Kennesaw_USA,6,Kennesaw_USA12021,14,Kennesaw_USA12021CS4622,332
CS4626,1,2021,3,3,,Kennesaw_USA,6,Kennesaw_USA12021,14,Kennesaw_USA12021CS4626,333
CS4712,1,2021,3,30,,Kennesaw_USA,33,Kennesaw_USA12021,14,Kennesaw_USA12021CS4712,334
CS4720,1,2021,9,33,,Kennesaw_USA,42,Kennesaw_USA12021,14,Kennesaw_USA12021CS4720,335
CS4732,1,2021,3,24,,Kennesaw_USA,27,Kennesaw_USA12021,14,Kennesaw_USA12021CS4732,336
CS4742,1,2021,0,6,,Kennesaw_USA,6,Kennesaw_USA12021,14,Kennesaw_USA12021CS4742,337
CSE1300,1,2021,132,384,,Kennesaw_USA,516,Kennesaw_USA12021,14,Kennesaw_USA12021CSE1300,338
CSE3203,1,2021,6,18,,Kennesaw_USA,24,Kennesaw_USA12021,14,Kennesaw_USA12021CSE3203,339
CSE4983,1,2021,18,48,,Kennesaw_USA,66,Kennesaw_USA12021,14,Kennesaw_USA12021CSE4983,340
CYBR3153,1,2021,15,36,,Kennesaw_USA,51,Kennesaw_USA12021,14,Kennesaw_USA12021CYBR3153,341
CYBR3220,1,2021,0,3,,Kennesaw_USA,3,Kennesaw_USA12021,14,Kennesaw_USA12021CYBR3220,342
CYBR3223,1,2021,6,15,,Kennesaw_USA,21,Kennesaw_USA12021,14,Kennesaw_USA12021CYBR3223,343
CYBR3305,1,2021,21,30,,Kennesaw_USA,51,Kennesaw_USA12021,14,Kennesaw_USA12021CYBR3305,344
CYBR4305,1,2021,12,30,,Kennesaw_USA,42,Kennesaw_USA12021,14,Kennesaw_USA12021CYBR4305,345
CYBR4333,1,2021,9,51,,Kennesaw_USA,60,Kennesaw_USA12021,14,Kennesaw_USA12021CYBR4333,346
CYBR4350,1,2021,12,27,,Kennesaw_USA,39,Kennesaw_USA12021,14,Kennesaw_USA12021CYBR4350,347
CYBR4833,1,2021,9,39,,Kennesaw_USA,48,Kennesaw_USA12021,14,Kennesaw_USA12021CYBR4833,348
CYBR4843,1,2021,18,60,,Kennesaw_USA,78,Kennesaw_USA12021,14,Kennesaw_USA12021CYBR4843,349
CYBR4853,1,2021,9,30,,Kennesaw_USA,39,Kennesaw_USA12021,14,Kennesaw_USA12021CYBR4853,350
CYBR4883,1,2021,0,15,,Kennesaw_USA,15,Kennesaw_USA12021,14,Kennesaw_USA12021CYBR4883,351
CYBR4893,1,2021,9,45,,Kennesaw_USA,54,Kennesaw_USA12021,14,Kennesaw_USA12021CYBR4893,352
IT3503,1,2021,24,39,,Kennesaw_USA,63,Kennesaw_USA12021,14,Kennesaw_USA12021IT3503,353
IT3703,1,2021,12,18,,Kennesaw_USA,30,Kennesaw_USA12021,14,Kennesaw_USA12021IT3703,354
IT4153,1,2021,12,33,,Kennesaw_USA,45,Kennesaw_USA12021,14,Kennesaw_USA12021IT4153,355
IT4203,1,2021,6,24,,Kennesaw_USA,30,Kennesaw_USA12021,14,Kennesaw_USA12021IT4203,356
IT4333,1,2021,12,63,,Kennesaw_USA,75,Kennesaw_USA12021,14,Kennesaw_USA12021IT4333,357
IT4403,1,2021,3,15,,Kennesaw_USA,18,Kennesaw_USA12021,14,Kennesaw_USA12021IT4403,358
IT4423,1,2021,24,96,,Kennesaw_USA,120,Kennesaw_USA12021,14,Kennesaw_USA12021IT4423,359
IT4603,1,2021,3,6,,Kennesaw_USA,9,Kennesaw_USA12021,14,Kennesaw_USA12021IT4603,360
IT4673,1,2021,9,24,,Kennesaw_USA,33,Kennesaw_USA12021,14,Kennesaw_USA12021IT4673,361
IT4713,1,2021,9,30,,Kennesaw_USA,39,Kennesaw_USA12021,14,Kennesaw_USA12021IT4713,362
IT4773,1,2021,3,3,,Kennesaw_USA,6,Kennesaw_USA12021,14,Kennesaw_USA12021IT4773,363
IT4793,1,2021,3,0,,Kennesaw_USA,3,Kennesaw_USA12021,14,Kennesaw_USA12021IT4793,364
IT4833,1,2021,9,57,,Kennesaw_USA,66,Kennesaw_USA12021,14,Kennesaw_USA12021IT4833,365
IT4843,1,2021,21,75,,Kennesaw_USA,96,Kennesaw_USA12021,14,Kennesaw_USA12021IT4843,366
IT4853,1,2021,27,96,,Kennesaw_USA,123,Kennesaw_USA12021,14,Kennesaw_USA12021IT4853,367
IT4863,1,2021,3,18,,Kennesaw_USA,21,Kennesaw_USA12021,14,Kennesaw_USA12021IT4863,368
IT4883,1,2021,9,72,,Kennesaw_USA,81,Kennesaw_USA12021,14,Kennesaw_USA12021IT4883,369
IT4893,1,2021,6,9,,Kennesaw_USA,15,Kennesaw_USA12021,14,Kennesaw_USA12021IT4893,370
SWE4633,1,2021,9,33,,Kennesaw_USA,42,Kennesaw_USA12021,14,Kennesaw_USA12021SWE4633,371
SWE4783,1,2021,18,51,,Kennesaw_USA,69,Kennesaw_USA12021,14,Kennesaw_USA12021SWE4783,372
SWE4803,1,2021,0,3,,Kennesaw_USA,3,Kennesaw_USA12021,14,Kennesaw_USA12021SWE4803,373
CGDD2012L,1,2022,24,99,,Kennesaw_USA,123,Kennesaw_USA12022,15,Kennesaw_USA12022CGDD2012L,374
CGDD4113,1,2022,3,15,,Kennesaw_USA,18,Kennesaw_USA12022,15,Kennesaw_USA12022CGDD4113,375
CGDD4603,1,2022,3,15,,Kennesaw_USA,18,Kennesaw_USA12022,15,Kennesaw_USA12022CGDD4603,376
CS3626,1,2022,27,150,,Kennesaw_USA,177,Kennesaw_USA12022,15,Kennesaw_USA12022CS3626,377
CS3642,1,2022,27,168,,Kennesaw_USA,195,Kennesaw_USA12022,15,Kennesaw_USA12022CS3642,378
CS4265,1,2022,6,30,,Kennesaw_USA,36,Kennesaw_USA12022,15,Kennesaw_USA12022CS4265,379
CS4267,1,2022,3,45,,Kennesaw_USA,48,Kennesaw_USA12022,15,Kennesaw_USA12022CS4267,380
CS4277,1,2022,0,27,,Kennesaw_USA,27,Kennesaw_USA12022,15,Kennesaw_USA12022CS4277,381
CS4322,1,2022,6,45,,Kennesaw_USA,51,Kennesaw_USA12022,15,Kennesaw_USA12022CS4322,382
CS4412,1,2022,6,39,,Kennesaw_USA,45,Kennesaw_USA12022,15,Kennesaw_USA12022CS4412,383
CS4422,1,2022,9,15,,Kennesaw_USA,24,Kennesaw_USA12022,15,Kennesaw_USA12022CS4422,384
CS4522,1,2022,0,18,,Kennesaw_USA,18,Kennesaw_USA12022,15,Kennesaw_USA12022CS4522,385
CS4524,1,2022,3,18,,Kennesaw_USA,21,Kennesaw_USA12022,15,Kennesaw_USA12022CS4524,386
CS4612,1,2022,6,27,,Kennesaw_USA,33,Kennesaw_USA12022,15,Kennesaw_USA12022CS4612,387
CS4622,1,2022,6,24,,Kennesaw_USA,30,Kennesaw_USA12022,15,Kennesaw_USA12022CS4622,388
CS4626,1,2022,3,15,,Kennesaw_USA,18,Kennesaw_USA12022,15,Kennesaw_USA12022CS4626,389
CS4712,1,2022,6,33,,Kennesaw_USA,39,Kennesaw_USA12022,15,Kennesaw_USA12022CS4712,390
CS4732,1,2022,0,33,,Kennesaw_USA,33,Kennesaw_USA12022,15,Kennesaw_USA12022CS4732,391
CS4742,1,2022,0,18,,Kennesaw_USA,18,Kennesaw_USA12022,15,Kennesaw_USA12022CS4742,392
CSE1300,1,2022,120,273,,Kennesaw_USA,393,Kennesaw_USA12022,15,Kennesaw_USA12022CSE1300,393
CSE4983,1,2022,9,33,,Kennesaw_USA,42,Kennesaw_USA12022,15,Kennesaw_USA12022CSE4983,394
CYBR3153,1,2022,9,57,,Kennesaw_USA,66,Kennesaw_USA12022,15,Kennesaw_USA12022CYBR3153,395
CYBR3220,1,2022,0,3,,Kennesaw_USA,3,Kennesaw_USA12022,15,Kennesaw_USA12022CYBR3220,396
CYBR3223,1,2022,9,27,,Kennesaw_USA,36,Kennesaw_USA12022,15,Kennesaw_USA12022CYBR3223,397
CYBR3305,1,2022,18,48,,Kennesaw_USA,66,Kennesaw_USA12022,15,Kennesaw_USA12022CYBR3305,398
CYBR4305,1,2022,18,42,,Kennesaw_USA,60,Kennesaw_USA12022,15,Kennesaw_USA12022CYBR4305,399
CYBR4333,1,2022,9,42,,Kennesaw_USA,51,Kennesaw_USA12022,15,Kennesaw_USA12022CYBR4333,400
CYBR4350,1,2022,9,15,,Kennesaw_USA,24,Kennesaw_USA12022,15,Kennesaw_USA12022CYBR4350,401
CYBR4833,1,2022,15,54,,Kennesaw_USA,69,Kennesaw_USA12022,15,Kennesaw_USA12022CYBR4833,402
CYBR4843,1,2022,12,57,,Kennesaw_USA,69,Kennesaw_USA12022,15,Kennesaw_USA12022CYBR4843,403
CYBR4853,1,2022,21,57,,Kennesaw_USA,78,Kennesaw_USA12022,15,Kennesaw_USA12022CYBR4853,404
CYBR4883,1,2022,6,18,,Kennesaw_USA,24,Kennesaw_USA12022,15,Kennesaw_USA12022CYBR4883,405
CYBR4893,1,2022,12,42,,Kennesaw_USA,54,Kennesaw_USA12022,15,Kennesaw_USA12022CYBR4893,406
IT3503,1,2022,27,33,,Kennesaw_USA,60,Kennesaw_USA12022,15,Kennesaw_USA12022IT3503,407
IT3703,1,2022,3,12,,Kennesaw_USA,15,Kennesaw_USA12022,15,Kennesaw_USA12022IT3703,408
IT4153,1,2022,6,21,,Kennesaw_USA,27,Kennesaw_USA12022,15,Kennesaw_USA12022IT4153,409
IT4333,1,2022,3,33,,Kennesaw_USA,36,Kennesaw_USA12022,15,Kennesaw_USA12022IT4333,410
IT4403,1,2022,3,15,,Kennesaw_USA,18,Kennesaw_USA12022,15,Kennesaw_USA12022IT4403,411
IT4423,1,2022,3,15,,Kennesaw_USA,18,Kennesaw_USA12022,15,Kennesaw_USA12022IT4423,412
IT4673,1,2022,6,21,,Kennesaw_USA,27,Kennesaw_USA12022,15,Kennesaw_USA12022IT4673,413
IT4713,1,2022,6,6,,Kennesaw_USA,12,Kennesaw_USA12022,15,Kennesaw_USA12022IT4713,414
IT4733,1,2022,9,6,,Kennesaw_USA,15,Kennesaw_USA12022,15,Kennesaw_USA12022IT4733,415
IT4773,1,2022,6,3,,Kennesaw_USA,9,Kennesaw_USA12022,15,Kennesaw_USA12022IT4773,416
IT4833,1,2022,15,60,,Kennesaw_USA,75,Kennesaw_USA12022,15,Kennesaw_USA12022IT4833,417
IT4843,1,2022,27,81,,Kennesaw_USA,108,Kennesaw_USA12022,15,Kennesaw_USA12022IT4843,418
IT4853,1,2022,12,42,,Kennesaw_USA,54,Kennesaw_USA12022,15,Kennesaw_USA12022IT4853,419
IT4863,1,2022,9,18,,Kennesaw_USA,27,Kennesaw_USA12022,15,Kennesaw_USA12022IT4863,420
IT4883,1,2022,15,45,,Kennesaw_USA,60,Kennesaw_USA12022,15,Kennesaw_USA12022IT4883,421
IT4893,1,2022,3,15,,Kennesaw_USA,18,Kennesaw_USA12022,15,Kennesaw_USA12022IT4893,422
SWE4633,1,2022,3,27,,Kennesaw_USA,30,Kennesaw_USA12022,15,Kennesaw_USA12022SWE4633,423
SWE4743,1,2022,6,15,,Kennesaw_USA,21,Kennesaw_USA12022,15,Kennesaw_USA12022SWE4743,424
SWE4783,1,2022,18,48,,Kennesaw_USA,66,Kennesaw_USA12022,15,Kennesaw_USA12022SWE4783,425
5.574,1,2020,9,123,,UOC_Spain,132,UOC_Spain12020,16,UOC_Spain120205.574,426
5.576,1,2020,9,81,,UOC_Spain,90,UOC_Spain12020,16,UOC_Spain120205.576,427
5.577,1,2020,3,42,,UOC_Spain,45,UOC_Spain12020,16,UOC_Spain120205.577,428
5.578,1,2020,3,30,,UOC_Spain,33,UOC_Spain12020,16,UOC_Spain120205.578,429
5.579,1,2020,3,90,,UOC_Spain,93,UOC_Spain12020,16,UOC_Spain120205.579,430
5.58,1,2020,6,72,,UOC_Spain,78,UOC_Spain12020,16,UOC_Spain120205.58,431
5.581,1,2020,18,90,,UOC_Spain,108,UOC_Spain12020,16,UOC_Spain120205.581,432
5.583,1,2020,12,102,,UOC_Spain,114,UOC_Spain12020,16,UOC_Spain120205.583,433
5.584,1,2020,24,198,,UOC_Spain,222,UOC_Spain12020,16,UOC_Spain120205.584,434
5.586,1,2020,24,156,,UOC_Spain,180,UOC_Spain12020,16,UOC_Spain120205.586,435
5.587,1,2020,15,108,,UOC_Spain,123,UOC_Spain12020,16,UOC_Spain120205.587,436
5.588,1,2020,9,54,,UOC_Spain,63,UOC_Spain12020,16,UOC_Spain120205.588,437
5.591,1,2020,6,66,,UOC_Spain,72,UOC_Spain12020,16,UOC_Spain120205.591,438
5.592,1,2020,3,30,,UOC_Spain,33,UOC_Spain12020,16,UOC_Spain120205.592,439
5.593,1,2020,18,141,,UOC_Spain,159,UOC_Spain12020,16,UOC_Spain120205.593,440
5.594,1,2020,3,48,,UOC_Spain,51,UOC_Spain12020,16,UOC_Spain120205.594,441
5.595,1,2020,6,102,,UOC_Spain,108,UOC_Spain12020,16,UOC_Spain120205.595,442
5.596,1,2020,15,153,,UOC_Spain,168,UOC_Spain12020,16,UOC_Spain120205.596,443
5.597,1,2020,24,189,,UOC_Spain,213,UOC_Spain12020,16,UOC_Spain120205.597,444
5.598,1,2020,12,93,,UOC_Spain,105,UOC_Spain12020,16,UOC_Spain120205.598,445
5.599,1,2020,12,126,,UOC_Spain,138,UOC_Spain12020,16,UOC_Spain120205.599,446
5.6,1,2020,9,96,,UOC_Spain,105,UOC_Spain12020,16,UOC_Spain120205.6,447
5.601,1,2020,15,81,,UOC_Spain,96,UOC_Spain12020,16,UOC_Spain120205.601,448
5.604,1,2020,12,144,,UOC_Spain,156,UOC_Spain12020,16,UOC_Spain120205.604,449
5.607,1,2020,12,126,,UOC_Spain,138,UOC_Spain12020,16,UOC_Spain120205.607,450
5.613,1,2020,15,144,,UOC_Spain,159,UOC_Spain12020,16,UOC_Spain120205.613,451
5.614,1,2020,114,756,,UOC_Spain,870,UOC_Spain12020,16,UOC_Spain120205.614,452
5.672,1,2020,3,18,,UOC_Spain,21,UOC_Spain12020,16,UOC_Spain120205.672,453
5.574,1,2021,12,120,,UOC_Spain,132,UOC_Spain12021,17,UOC_Spain120215.574,454
5.576,1,2021,12,111,,UOC_Spain,123,UOC_Spain12021,17,UOC_Spain120215.576,455
5.577,1,2021,3,51,,UOC_Spain,54,UOC_Spain12021,17,UOC_Spain120215.577,456
5.578,1,2021,3,42,,UOC_Spain,45,UOC_Spain12021,17,UOC_Spain120215.578,457
5.579,1,2021,12,111,,UOC_Spain,123,UOC_Spain12021,17,UOC_Spain120215.579,458
5.58,1,2021,9,87,,UOC_Spain,96,UOC_Spain12021,17,UOC_Spain120215.58,459
5.581,1,2021,21,126,,UOC_Spain,147,UOC_Spain12021,17,UOC_Spain120215.581,460
5.583,1,2021,18,126,,UOC_Spain,144,UOC_Spain12021,17,UOC_Spain120215.583,461
5.584,1,2021,21,210,,UOC_Spain,231,UOC_Spain12021,17,UOC_Spain120215.584,462
5.586,1,2021,24,216,,UOC_Spain,240,UOC_Spain12021,17,UOC_Spain120215.586,463
5.587,1,2021,18,144,,UOC_Spain,162,UOC_Spain12021,17,UOC_Spain120215.587,464
5.588,1,2021,15,90,,UOC_Spain,105,UOC_Spain12021,17,UOC_Spain120215.588,465
5.591,1,2021,6,66,,UOC_Spain,72,UOC_Spain12021,17,UOC_Spain120215.591,466
5.592,1,2021,3,33,,UOC_Spain,36,UOC_Spain12021,17,UOC_Spain120215.592,467
5.593,1,2021,24,183,,UOC_Spain,207,UOC_Spain12021,17,UOC_Spain120215.593,468
5.594,1,2021,3,57,,UOC_Spain,60,UOC_Spain12021,17,UOC_Spain120215.594,469
5.595,1,2021,15,105,,UOC_Spain,120,UOC_Spain12021,17,UOC_Spain120215.595,470
5.596,1,2021,27,195,,UOC_Spain,222,UOC_Spain12021,17,UOC_Spain120215.596,471
5.597,1,2021,18,204,,UOC_Spain,222,UOC_Spain12021,17,UOC_Spain120215.597,472
5.598,1,2021,9,129,,UOC_Spain,138,UOC_Spain12021,17,UOC_Spain120215.598,473
5.599,1,2021,15,138,,UOC_Spain,153,UOC_Spain12021,17,UOC_Spain120215.599,474
5.6,1,2021,15,117,,UOC_Spain,132,UOC_Spain12021,17,UOC_Spain120215.6,475
5.601,1,2021,9,90,,UOC_Spain,99,UOC_Spain12021,17,UOC_Spain120215.601,476
5.604,1,2021,21,204,,UOC_Spain,225,UOC_Spain12021,17,UOC_Spain120215.604,477
5.607,1,2021,12,126,,UOC_Spain,138,UOC_Spain12021,17,UOC_Spain120215.607,478
5.613,1,2021,27,198,,UOC_Spain,225,UOC_Spain12021,17,UOC_Spain120215.613,479
5.614,1,2021,126,747,,UOC_Spain,873,UOC_Spain12021,17,UOC_Spain120215.614,480
5.672,1,2021,6,27,,UOC_Spain,33,UOC_Spain12021,17,UOC_Spain120215.672,481
22.4,1,2022,42,123,,UOC_Spain,165,UOC_Spain12022,18,UOC_Spain1202222.4,482
5.574,1,2022,9,144,,UOC_Spain,153,UOC_Spain12022,18,UOC_Spain120225.574,483
5.576,1,2022,15,117,,UOC_Spain,132,UOC_Spain12022,18,UOC_Spain120225.576,484
5.577,1,2022,6,51,,UOC_Spain,57,UOC_Spain12022,18,UOC_Spain120225.577,485
5.578,1,2022,9,45,,UOC_Spain,54,UOC_Spain12022,18,UOC_Spain120225.578,486
5.579,1,2022,15,96,,UOC_Spain,111,UOC_Spain12022,18,UOC_Spain120225.579,487
5.58,1,2022,12,99,,UOC_Spain,111,UOC_Spain12022,18,UOC_Spain120225.58,488
5.581,1,2022,12,129,,UOC_Spain,141,UOC_Spain12022,18,UOC_Spain120225.581,489
5.583,1,2022,15,132,,UOC_Spain,147,UOC_Spain12022,18,UOC_Spain120225.583,490
5.584,1,2022,18,225,,UOC_Spain,243,UOC_Spain12022,18,UOC_Spain120225.584,491
5.586,1,2022,30,228,,UOC_Spain,258,UOC_Spain12022,18,UOC_Spain120225.586,492
5.587,1,2022,18,165,,UOC_Spain,183,UOC_Spain12022,18,UOC_Spain120225.587,493
5.588,1,2022,9,96,,UOC_Spain,105,UOC_Spain12022,18,UOC_Spain120225.588,494
5.591,1,2022,6,66,,UOC_Spain,72,UOC_Spain12022,18,UOC_Spain120225.591,495
5.592,1,2022,6,36,,UOC_Spain,42,UOC_Spain12022,18,UOC_Spain120225.592,496
5.593,1,2022,27,264,,UOC_Spain,291,UOC_Spain12022,18,UOC_Spain120225.593,497
5.594,1,2022,3,66,,UOC_Spain,69,UOC_Spain12022,18,UOC_Spain120225.594,498
5.595,1,2022,15,123,,UOC_Spain,138,UOC_Spain12022,18,UOC_Spain120225.595,499
5.596,1,2022,30,201,,UOC_Spain,231,UOC_Spain12022,18,UOC_Spain120225.596,500
5.597,1,2022,21,240,,UOC_Spain,261,UOC_Spain12022,18,UOC_Spain120225.597,501
5.598,1,2022,18,138,,UOC_Spain,156,UOC_Spain12022,18,UOC_Spain120225.598,502
5.599,1,2022,18,171,,UOC_Spain,189,UOC_Spain12022,18,UOC_Spain120225.599,503
5.6,1,2022,15,141,,UOC_Spain,156,UOC_Spain12022,18,UOC_Spain120225.6,504
5.601,1,2022,12,108,,UOC_Spain,120,UOC_Spain12022,18,UOC_Spain120225.601,505
5.604,1,2022,24,222,,UOC_Spain,246,UOC_Spain12022,18,UOC_Spain120225.604,506
5.607,1,2022,21,159,,UOC_Spain,180,UOC_Spain12022,18,UOC_Spain120225.607,507
5.613,1,2022,54,339,,UOC_Spain,393,UOC_Spain12022,18,UOC_Spain120225.613,508
5.614,1,2022,126,801,,UOC_Spain,927,UOC_Spain12022,18,UOC_Spain120225.614,509
5.672,1,2022,3,27,,UOC_Spain,30,UOC_Spain12022,18,UOC_Spain120225.672,510
CSC301H5,3,2020,18,93,,UofT_Canada,111,UofT_Canada32020,19,UofT_Canada32020CSC301H5,511
CSC309H5,3,2020,12,111,,UofT_Canada,123,UofT_Canada32020,19,UofT_Canada32020CSC309H5,512
CSC311H5,3,2020,24,138,,UofT_Canada,162,UofT_Canada32020,19,UofT_Canada32020CSC311H5,513
CSC324H5,3,2020,27,99,,UofT_Canada,126,UofT_Canada32020,19,UofT_Canada32020CSC324H5,514
CSC338H5,3,2020,12,45,,UofT_Canada,57,UofT_Canada32020,19,UofT_Canada32020CSC338H5,515
CSC347H5,3,2020,18,126,,UofT_Canada,144,UofT_Canada32020,19,UofT_Canada32020CSC347H5,516
CSC367H5,3,2020,6,48,,UofT_Canada,54,UofT_Canada32020,19,UofT_Canada32020CSC367H5,517
CSC375H5,3,2020,0,15,,UofT_Canada,15,UofT_Canada32020,19,UofT_Canada32020CSC375H5,518
CSC376H5,3,2020,3,24,,UofT_Canada,27,UofT_Canada32020,19,UofT_Canada32020CSC376H5,519
CSC384H5,3,2020,6,27,,UofT_Canada,33,UofT_Canada32020,19,UofT_Canada32020CSC384H5,520
CSC301H5,3,2021,9,129,,UofT_Canada,138,UofT_Canada32021,20,UofT_Canada32021CSC301H5,521
CSC309H5,3,2021,21,153,,UofT_Canada,174,UofT_Canada32021,20,UofT_Canada32021CSC309H5,522
CSC311H5,3,2021,27,153,,UofT_Canada,180,UofT_Canada32021,20,UofT_Canada32021CSC311H5,523
CSC324H5,3,2021,33,195,,UofT_Canada,228,UofT_Canada32021,20,UofT_Canada32021CSC324H5,524
CSC338H5,3,2021,9,45,,UofT_Canada,54,UofT_Canada32021,20,UofT_Canada32021CSC338H5,525
CSC347H5,3,2021,21,135,,UofT_Canada,156,UofT_Canada32021,20,UofT_Canada32021CSC347H5,526
CSC367H5,3,2021,6,54,,UofT_Canada,60,UofT_Canada32021,20,UofT_Canada32021CSC367H5,527
CSC376H5,3,2021,6,33,,UofT_Canada,39,UofT_Canada32021,20,UofT_Canada32021CSC376H5,528
CSC384H5,3,2021,9,57,,UofT_Canada,66,UofT_Canada32021,20,UofT_Canada32021CSC384H5,529
CSC301H5,3,2022,6,45,,UofT_Canada,51,UofT_Canada32022,21,UofT_Canada32022CSC301H5,530
CSC309H5,3,2022,18,126,,UofT_Canada,144,UofT_Canada32022,21,UofT_Canada32022CSC309H5,531
CSC311H5,3,2022,27,150,,UofT_Canada,177,UofT_Canada32022,21,UofT_Canada32022CSC311H5,532
CSC324H5,3,2022,15,81,,UofT_Canada,96,UofT_Canada32022,21,UofT_Canada32022CSC324H5,533
CSC338H5,3,2022,9,30,,UofT_Canada,39,UofT_Canada32022,21,UofT_Canada32022CSC338H5,534
CSC347H5,3,2022,18,111,,UofT_Canada,129,UofT_Canada32022,21,UofT_Canada32022CSC347H5,535
CSC367H5,3,2022,3,51,,UofT_Canada,54,UofT_Canada32022,21,UofT_Canada32022CSC367H5,536
CSC375H5,3,2022,0,6,,UofT_Canada,6,UofT_Canada32022,21,UofT_Canada32022CSC375H5,537
CSC376H5,3,2022,3,39,,UofT_Canada,42,UofT_Canada32022,21,UofT_Canada32022CSC376H5,538
CSC384H5,3,2022,12,81,,UofT_Canada,93,UofT_Canada32022,21,UofT_Canada32022CSC384H5,539
CSC413H5,4,2020,12,54,,UofT_Canada,66,UofT_Canada42020,22,UofT_Canada42020CSC413H5,540
CSC413H5,4,2021,9,54,,UofT_Canada,63,UofT_Canada42021,23,UofT_Canada42021CSC413H5,541
CSC488H5,4,2021,3,24,,UofT_Canada,27,UofT_Canada42021,23,UofT_Canada42021CSC488H5,542
CSC413H5,4,2022,9,63,,UofT_Canada,72,UofT_Canada42022,24,UofT_Canada42022CSC413H5,543
CSC488H5,4,2022,3,36,,UofT_Canada,39,UofT_Canada42022,24,UofT_Canada42022CSC488H5,544
1DL034,1,2020,15,54,,Uppsala_Sweden,69,Uppsala_Sweden12020,25,Uppsala_Sweden120201DL034,545
1DL251,1,2020,42,66,,Uppsala_Sweden,108,Uppsala_Sweden12020,25,Uppsala_Sweden120201DL251,546
1DL251,1,2020,12,48,,Uppsala_Sweden,60,Uppsala_Sweden12020,25,Uppsala_Sweden120201DL251,546
1DL481,1,2020,6,27,,Uppsala_Sweden,33,Uppsala_Sweden12020,25,Uppsala_Sweden120201DL481,547
1DL550,1,2020,6,33,,Uppsala_Sweden,39,Uppsala_Sweden12020,25,Uppsala_Sweden120201DL550,548
1DT052,1,2020,15,60,,Uppsala_Sweden,75,Uppsala_Sweden12020,25,Uppsala_Sweden120201DT052,549
1DT072,1,2020,12,60,,Uppsala_Sweden,72,Uppsala_Sweden12020,25,Uppsala_Sweden120201DT072,550
1DT075,1,2020,9,42,,Uppsala_Sweden,51,Uppsala_Sweden12020,25,Uppsala_Sweden120201DT075,551
1MD001,1,2020,24,24,,Uppsala_Sweden,48,Uppsala_Sweden12020,25,Uppsala_Sweden120201MD001,552
1MD004,1,2020,18,27,,Uppsala_Sweden,45,Uppsala_Sweden12020,25,Uppsala_Sweden120201MD004,553
1MD300,1,2020,6,9,,Uppsala_Sweden,15,Uppsala_Sweden12020,25,Uppsala_Sweden120201MD300,554
1TD062,1,2020,24,78,,Uppsala_Sweden,102,Uppsala_Sweden12020,25,Uppsala_Sweden120201TD062,555
1TD169,1,2020,15,39,,Uppsala_Sweden,54,Uppsala_Sweden12020,25,Uppsala_Sweden120201TD169,556
1TD388,1,2020,15,30,,Uppsala_Sweden,45,Uppsala_Sweden12020,25,Uppsala_Sweden120201TD388,557
1TD403,1,2020,6,39,,Uppsala_Sweden,45,Uppsala_Sweden12020,25,Uppsala_Sweden120201TD403,558
1DL034,1,2021,24,99,,Uppsala_Sweden,123,Uppsala_Sweden12021,26,Uppsala_Sweden120211DL034,559
1DL251,1,2021,9,24,,Uppsala_Sweden,33,Uppsala_Sweden12021,26,Uppsala_Sweden120211DL251,560
1DL251,1,2021,30,66,,Uppsala_Sweden,96,Uppsala_Sweden12021,26,Uppsala_Sweden120211DL251,560
1DL481,1,2021,3,27,,Uppsala_Sweden,30,Uppsala_Sweden12021,26,Uppsala_Sweden120211DL481,561
1DL550,1,2021,3,33,,Uppsala_Sweden,36,Uppsala_Sweden12021,26,Uppsala_Sweden120211DL550,562
1DT052,1,2021,12,42,,Uppsala_Sweden,54,Uppsala_Sweden12021,26,Uppsala_Sweden120211DT052,563
1DT072,1,2021,15,66,,Uppsala_Sweden,81,Uppsala_Sweden12021,26,Uppsala_Sweden120211DT072,564
1DT075,1,2021,12,39,,Uppsala_Sweden,51,Uppsala_Sweden12021,26,Uppsala_Sweden120211DT075,565
1MD001,1,2021,12,27,,Uppsala_Sweden,39,Uppsala_Sweden12021,26,Uppsala_Sweden120211MD001,566
1MD004,1,2021,18,15,,Uppsala_Sweden,33,Uppsala_Sweden12021,26,Uppsala_Sweden120211MD004,567
1MD300,1,2021,9,12,,Uppsala_Sweden,21,Uppsala_Sweden12021,26,Uppsala_Sweden120211MD300,568
1TD062,1,2021,12,57,,Uppsala_Sweden,69,Uppsala_Sweden12021,26,Uppsala_Sweden120211TD062,569
1TD169,1,2021,12,36,,Uppsala_Sweden,48,Uppsala_Sweden12021,26,Uppsala_Sweden120211TD169,570
1TD388,1,2021,6,21,,Uppsala_Sweden,27,Uppsala_Sweden12021,26,Uppsala_Sweden120211TD388,571
1TD403,1,2021,12,72,,Uppsala_Sweden,84,Uppsala_Sweden12021,26,Uppsala_Sweden120211TD403,572
1DL034,1,2022,18,66,,Uppsala_Sweden,84,Uppsala_Sweden12022,27,Uppsala_Sweden120221DL034,573
1DL251,1,2022,3,36,,Uppsala_Sweden,39,Uppsala_Sweden12022,27,Uppsala_Sweden120221DL251,574
1DL251,1,2022,33,87,,Uppsala_Sweden,120,Uppsala_Sweden12022,27,Uppsala_Sweden120221DL251,574
1DL481,1,2022,3,21,,Uppsala_Sweden,24,Uppsala_Sweden12022,27,Uppsala_Sweden120221DL481,575
1DL550,1,2022,3,36,,Uppsala_Sweden,39,Uppsala_Sweden12022,27,Uppsala_Sweden120221DL550,576
1DT052,1,2022,9,42,,Uppsala_Sweden,51,Uppsala_Sweden12022,27,Uppsala_Sweden120221DT052,577
1DT072,1,2022,18,84,,Uppsala_Sweden,102,Uppsala_Sweden12022,27,Uppsala_Sweden120221DT072,578
1DT075,1,2022,6,48,,Uppsala_Sweden,54,Uppsala_Sweden12022,27,Uppsala_Sweden120221DT075,579
1MD001,1,2022,24,24,,Uppsala_Sweden,48,Uppsala_Sweden12022,27,Uppsala_Sweden120221MD001,580
1MD004,1,2022,21,21,,Uppsala_Sweden,42,Uppsala_Sweden12022,27,Uppsala_Sweden120221MD004,581
1MD300,1,2022,6,6,,Uppsala_Sweden,12,Uppsala_Sweden12022,27,Uppsala_Sweden120221MD300,582
1TD062,1,2022,18,66,,Uppsala_Sweden,84,Uppsala_Sweden12022,27,Uppsala_Sweden120221TD062,583
1TD169,1,2022,18,84,,Uppsala_Sweden,102,Uppsala_Sweden12022,27,Uppsala_Sweden120221TD169,584
1TD388,1,2022,0,24,,Uppsala_Sweden,24,Uppsala_Sweden12022,27,Uppsala_Sweden120221TD388,585
1TD403,1,2022,15,57,,Uppsala_Sweden,72,Uppsala_Sweden12022,27,Uppsala_Sweden120221TD403,586
CS3704,1,2020,42,126,,VirginiaTech_USA,168,VirginiaTech_USA12020,28,VirginiaTech_USA12020CS3704,587
CS3714,1,2020,24,117,,VirginiaTech_USA,141,VirginiaTech_USA12020,28,VirginiaTech_USA12020CS3714,588
CS3724,1,2020,51,126,,VirginiaTech_USA,177,VirginiaTech_USA12020,28,VirginiaTech_USA12020CS3724,589
CS3744,1,2020,27,120,,VirginiaTech_USA,147,VirginiaTech_USA12020,28,VirginiaTech_USA12020CS3744,590
CS3754,1,2020,12,105,,VirginiaTech_USA,117,VirginiaTech_USA12020,28,VirginiaTech_USA12020CS3754,591
CS3824,1,2020,6,30,,VirginiaTech_USA,36,VirginiaTech_USA12020,28,VirginiaTech_USA12020CS3824,592
CS4104,1,2020,39,168,,VirginiaTech_USA,207,VirginiaTech_USA12020,28,VirginiaTech_USA12020CS4104,593
CS4114,1,2020,33,105,,VirginiaTech_USA,138,VirginiaTech_USA12020,28,VirginiaTech_USA12020CS4114,594
CS4124,1,2020,0,15,,VirginiaTech_USA,15,VirginiaTech_USA12020,28,VirginiaTech_USA12020CS4124,595
CS4134,1,2020,3,30,,VirginiaTech_USA,33,VirginiaTech_USA12020,28,VirginiaTech_USA12020CS4134,596
CS4144,1,2020,0,6,,VirginiaTech_USA,6,VirginiaTech_USA12020,28,VirginiaTech_USA12020CS4144,597
CS4234,1,2020,0,12,,VirginiaTech_USA,12,VirginiaTech_USA12020,28,VirginiaTech_USA12020CS4234,598
CS4254,1,2020,3,21,,VirginiaTech_USA,24,VirginiaTech_USA12020,28,VirginiaTech_USA12020CS4254,599
CS4264,1,2020,24,108,,VirginiaTech_USA,132,VirginiaTech_USA12020,28,VirginiaTech_USA12020CS4264,600
CS4284,1,2020,9,48,,VirginiaTech_USA,57,VirginiaTech_USA12020,28,VirginiaTech_USA12020CS4284,601
CS4504,1,2020,0,9,,VirginiaTech_USA,9,VirginiaTech_USA12020,28,VirginiaTech_USA12020CS4504,602
CS4604,1,2020,6,63,,VirginiaTech_USA,69,VirginiaTech_USA12020,28,VirginiaTech_USA12020CS4604,603
CS4624,1,2020,9,54,,VirginiaTech_USA,63,VirginiaTech_USA12020,28,VirginiaTech_USA12020CS4624,604
CS4644,1,2020,18,39,,VirginiaTech_USA,57,VirginiaTech_USA12020,28,VirginiaTech_USA12020CS4644,605
CS4704,1,2020,30,117,,VirginiaTech_USA,147,VirginiaTech_USA12020,28,VirginiaTech_USA12020CS4704,606
CS4784,1,2020,12,24,,VirginiaTech_USA,36,VirginiaTech_USA12020,28,VirginiaTech_USA12020CS4784,607
CS4804,1,2020,6,42,,VirginiaTech_USA,48,VirginiaTech_USA12020,28,VirginiaTech_USA12020CS4804,608
CS3704,1,2021,27,147,,VirginiaTech_USA,174,VirginiaTech_USA12021,29,VirginiaTech_USA12021CS3704,609
CS3714,1,2021,18,147,,VirginiaTech_USA,165,VirginiaTech_USA12021,29,VirginiaTech_USA12021CS3714,610
CS3724,1,2021,81,177,,VirginiaTech_USA,258,VirginiaTech_USA12021,29,VirginiaTech_USA12021CS3724,611
CS3744,1,2021,21,132,,VirginiaTech_USA,153,VirginiaTech_USA12021,29,VirginiaTech_USA12021CS3744,612
CS3754,1,2021,21,105,,VirginiaTech_USA,126,VirginiaTech_USA12021,29,VirginiaTech_USA12021CS3754,613
CS3824,1,2021,3,18,,VirginiaTech_USA,21,VirginiaTech_USA12021,29,VirginiaTech_USA12021CS3824,614
CS4104,1,2021,54,279,,VirginiaTech_USA,333,VirginiaTech_USA12021,29,VirginiaTech_USA12021CS4104,615
CS4114,1,2021,15,54,,VirginiaTech_USA,69,VirginiaTech_USA12021,29,VirginiaTech_USA12021CS4114,616
CS4124,1,2021,0,12,,VirginiaTech_USA,12,VirginiaTech_USA12021,29,VirginiaTech_USA12021CS4124,617
CS4234,1,2021,3,9,,VirginiaTech_USA,12,VirginiaTech_USA12021,29,VirginiaTech_USA12021CS4234,618
CS4254,1,2021,6,27,,VirginiaTech_USA,33,VirginiaTech_USA12021,29,VirginiaTech_USA12021CS4254,619
CS4264,1,2021,12,96,,VirginiaTech_USA,108,VirginiaTech_USA12021,29,VirginiaTech_USA12021CS4264,620
CS4284,1,2021,6,27,,VirginiaTech_USA,33,VirginiaTech_USA12021,29,VirginiaTech_USA12021CS4284,621
CS4504,1,2021,0,9,,VirginiaTech_USA,9,VirginiaTech_USA12021,29,VirginiaTech_USA12021CS4504,622
CS4604,1,2021,18,63,,VirginiaTech_USA,81,VirginiaTech_USA12021,29,VirginiaTech_USA12021CS4604,623
CS4624,1,2021,12,117,,VirginiaTech_USA,129,VirginiaTech_USA12021,29,VirginiaTech_USA12021CS4624,624
CS4644,1,2021,15,21,,VirginiaTech_USA,36,VirginiaTech_USA12021,29,VirginiaTech_USA12021CS4644,625
CS4704,1,2021,21,132,,VirginiaTech_USA,153,VirginiaTech_USA12021,29,VirginiaTech_USA12021CS4704,626
CS4784,1,2021,18,27,,VirginiaTech_USA,45,VirginiaTech_USA12021,29,VirginiaTech_USA12021CS4784,627
CS4804,1,2021,3,63,,VirginiaTech_USA,66,VirginiaTech_USA12021,29,VirginiaTech_USA12021CS4804,628
CS3704,1,2022,69,261,,VirginiaTech_USA,330,VirginiaTech_USA12022,30,VirginiaTech_USA12022CS3704,629
CS3714,1,2022,36,168,,VirginiaTech_USA,204,VirginiaTech_USA12022,30,VirginiaTech_USA12022CS3714,630
CS3724,1,2022,66,180,,VirginiaTech_USA,246,VirginiaTech_USA12022,30,VirginiaTech_USA12022CS3724,631
CS3744,1,2022,51,183,,VirginiaTech_USA,234,VirginiaTech_USA12022,30,VirginiaTech_USA12022CS3744,632
CS3754,1,2022,12,84,,VirginiaTech_USA,96,VirginiaTech_USA12022,30,VirginiaTech_USA12022CS3754,633
CS3824,1,2022,3,12,,VirginiaTech_USA,15,VirginiaTech_USA12022,30,VirginiaTech_USA12022CS3824,634
CS4104,1,2022,66,321,,VirginiaTech_USA,387,VirginiaTech_USA12022,30,VirginiaTech_USA12022CS4104,635
CS4114,1,2022,18,63,,VirginiaTech_USA,81,VirginiaTech_USA12022,30,VirginiaTech_USA12022CS4114,636
CS4124,1,2022,3,42,,VirginiaTech_USA,45,VirginiaTech_USA12022,30,VirginiaTech_USA12022CS4124,637
CS4234,1,2022,3,15,,VirginiaTech_USA,18,VirginiaTech_USA12022,30,VirginiaTech_USA12022CS4234,638
CS4254,1,2022,3,42,,VirginiaTech_USA,45,VirginiaTech_USA12022,30,VirginiaTech_USA12022CS4254,639
CS4264,1,2022,21,135,,VirginiaTech_USA,156,VirginiaTech_USA12022,30,VirginiaTech_USA12022CS4264,640
CS4284,1,2022,6,39,,VirginiaTech_USA,45,VirginiaTech_USA12022,30,VirginiaTech_USA12022CS4284,641
CS4504,1,2022,3,9,,VirginiaTech_USA,12,VirginiaTech_USA12022,30,VirginiaTech_USA12022CS4504,642
CS4604,1,2022,36,102,,VirginiaTech_USA,138,VirginiaTech_USA12022,30,VirginiaTech_USA12022CS4604,643
CS4624,1,2022,30,123,,VirginiaTech_USA,153,VirginiaTech_USA12022,30,VirginiaTech_USA12022CS4624,644
CS4644,1,2022,18,21,,VirginiaTech_USA,39,VirginiaTech_USA12022,30,VirginiaTech_USA12022CS4644,645
CS4704,1,2022,30,186,,VirginiaTech_USA,216,VirginiaTech_USA12022,30,VirginiaTech_USA12022CS4704,646
CS4784,1,2022,24,30,,VirginiaTech_USA,54,VirginiaTech_USA12022,30,VirginiaTech_USA12022CS4784,647
CS4804,1,2022,3,54,,VirginiaTech_USA,57,VirginiaTech_USA12022,30,VirginiaTech_USA12022CS4804,648
